Cluster,age,app_version,sessions_per_week,avg_session_duration_min,daily_active_minutes,feature_clicks_per_session,notifications_opened_per_week,in_app_search_count,pages_viewed_per_session,crash_events_last_30_days,support_tickets_raised,days_since_last_login,ads_clicked_last_30_days,content_downloads,social_shares,rating_given,churn_risk_score,engagement_score,account_age_days
0,0.003294987125350599,-0.5733980258736131,-0.004254426365570635,0.000488582183367317,-0.00035215460772549523,0.0018467874031601285,-0.016885029636598617,0.003670049958741923,0.014173246730996536,1.5105262912619448,-0.3610130925259573,0.0037906026291828223,0.004621361331689462,0.00010982617233898706,-0.009158825629416022,-0.0007459663050208095,0.016031668619479893,0.015307230170580959,-0.012748507120647656
1,-0.0011725612490132375,1.2207974567561792,0.002972829865099855,0.0008674850692109328,0.012914909318475568,-0.002481002638249226,0.0015997793149431486,0.006023288415660419,-0.002040801420445342,-0.18598451005927571,-0.4425141460975809,-0.006789195522028663,-0.0005488522423817672,0.017873706115901746,-0.004204301807201198,0.004880461658075713,-0.006394056320729789,0.006132151814185219,0.0071859894250051555
2,-0.003147316835526751,0.0071032983139929715,0.006710798821117547,0.005489372240160161,-0.0029855532056985595,-0.016202493839727935,0.005479305419598675,-0.00028869697336711327,-0.001450852757057172,-0.09885069266087818,2.049687104048518,-0.0022620444149622347,0.005421481145737688,-0.005684089689937193,0.009051831144131925,0.0022079557950933776,-0.0045895282831655716,-0.007127658444795651,-0.010350727744071224
3,0.0008383746840208141,-0.8008085257978137,-0.003777027821070449,-0.0038840664659535997,-0.010111032689889199,0.009544604102291417,0.005205481153667899,-0.0074345416147620575,-0.005343885046049171,-0.6270173112772082,-0.4425141460975809,0.005255130536316185,-0.004871512418866241,-0.013532760170694122,0.004356139058582737,-0.005187239236975727,-0.0007874327511433935,-0.01056248343801406,0.005877910863058073
